{"cameraMode":{"drawMode":0,"name":"Shaded","section":"Shading Mode"},"sceneLighting":true,"audioPlay":false,"sceneViewState":{"m_AlwaysRefresh":false,"showFog":true,"showSkybox":true,"showFlares":true,"showImageEffects":true,"showParticleSystems":true,"showVisualEffectGraphs":true,"m_FxEnabled":true},"in2DMode":false,"pivot":{"x":-1.7350473403930665,"y":3.2862730026245119,"z":10.635098457336426},"rotation":{"x":0.03922390192747116,"y":-0.06141860410571098,"z":0.002417012583464384,"w":0.9973347187042236},"size":10.10943603515625,"orthographic":false}